Store;Description;Store_Brand
ST1082;Ahoy Place (AP 1);MSTK
ST764;Ahoy Place (AP 10);MSTK
ST768;Ahoy Place (AP 11);MSTK
ST788;Ahoy Place (AP 12);MSTK
ST794;Ahoy Place (AP 13);MSTK
ST163;Ahoy Place (AP 2);MSTK
ST166;Ahoy Place (AP 3);MSTK
ST341;Ahoy Place (AP 4);MSTK
ST609;Ahoy Place (AP 5);MSTK
ST664;Ahoy Place (AP 6);MSTK
ST680;Ahoy Place (AP 7);MSTK
ST714;Ahoy Place (AP 8);MSTK
ST754;Ahoy Place (AP 9);MSTK
ST1018;Alfredsons (Alf1);M9DF
ST1036;Alfredsons (Alf2);M9DF
ST1044;Alfredsons (Alf3);M9DF
ST1047;Alfredsons (Alf4);M9DF
ST1049;Alfredsons (Alf5);M9DF
ST1057;Alfredsons (Alf6);M9DF
ST1059;Alfredsons (Alf7);M9DF
ST1095;Alfredsons (Alf8);M9DF
ST1096;Alfredsons (Alf9);M9DF
ST1103;Alfredsons (Alf10);M9DF
ST1109;Alfredsons (Alf11);M9DF
ST114;Alfredsons (Alf12);M9DF
ST12;Alfredsons (Alf13);M9DF
ST14;Alfredsons (Alf14);M9DF
ST140;Alfredsons (Alf15);M9DF
ST149;Alfredsons (Alf16);M9DF
ST15;Alfredsons (Alf17);M9DF
ST165;Alfredsons (Alf18);M9DF
ST178;Alfredsons (Alf19);M9DF
ST179;Alfredsons (Alf20);M9DF
ST180;Alfredsons (Alf21);M9DF
ST183;Alfredsons (Alf22);M9DF
ST209;Alfredsons (Alf23);M9DF
ST271;Alfredsons (Alf24);M9DF
ST272;Alfredsons (Alf25);M9DF
ST275;Alfredsons (Alf26);M9DF
ST277;Alfredsons (Alf27);M9DF
ST280;Alfredsons (Alf28);M9DF
ST308;Alfredsons (Alf29);M9DF
ST310;Alfredsons (Alf30);M9DF
ST314;Alfredsons (Alf31);M9DF
ST315;Alfredsons (Alf32);M9DF
ST317;Alfredsons (Alf33);M9DF
ST335;Alfredsons (Alf34);M9DF
ST374;Alfredsons (Alf35);M9DF
ST477;Alfredsons (Alf36);M9DF
ST478;Alfredsons (Alf37);M9DF
ST482;Alfredsons (Alf38);M9DF
ST7;Alfredsons (Alf39);M9DF
ST717;Alfredsons (Alf40);M9DF
ST737;Alfredsons (Alf41);M9DF
ST743;Alfredsons (Alf42);M9DF
ST76;Alfredsons (Alf43);M9DF
ST769;Alfredsons (Alf44);M9DF
ST817;Alfredsons (Alf45);M9DF
ST822;Alfredsons (Alf46);M9DF
ST830;Alfredsons (Alf47);M9DF
ST835;Alfredsons (Alf48);M9DF
ST844;Alfredsons (Alf49);M9DF
ST848;Alfredsons (Alf50);M9DF
ST85;Alfredsons (Alf51);M9DF
ST853;Alfredsons (Alf52);M9DF
ST858;Alfredsons (Alf53);M9DF
ST869;AMAF Supply Inc (AMAF1);MPU5
ST871;AMAF Supply Inc (AMAF2);MPU5
ST877;AMAF Supply Inc (AMAF3);MPU5
ST884;AMAF Supply Inc (AMAF4);MPU5
ST893;AMAF Supply Inc (AMAF5);MPU5
ST895;AMAF Supply Inc (AMAF6);MPU5
ST896;AMAF Supply Inc (AMAF7);MPU5
ST897;AMAF Supply Inc (AMAF8);MPU5
ST901;AMAF Supply Inc (AMAF9);MPU5
ST905;AMAF Supply Inc (AMAF10);MPU5
ST910;AMAF Supply Inc (AMAF11);MPU5
ST915;AMAF Supply Inc (AMAF12);MPU5
ST918;AMAF Supply Inc (AMAF13);MPU5
ST946;AMAF Supply Inc (AMAF14);MPU5
ST974;AMAF Supply Inc (AMAF15);MPU5
ST607;Amalia (AM1);M2ED
ST608;Amalia (AM2);M2ED
ST61;Amalia (AM3);M2ED
ST616;Amalia (AM4);M2ED
ST621;Amalia (AM5);M2ED
ST622;Amalia (AM6);M2ED
ST624;Amalia (AM7);M2ED
ST627;Amalia (AM8);M2ED
ST631;Amalia (AM9);M2ED
ST633;Amalia (AM10);M2ED
ST637;Amalia (AM11);M2ED
ST64;Amalia (AM12);M2ED
ST644;Amalia (AM13);M2ED
ST649;Amalia (AM14);M2ED
ST983;Amalia (AM15);M2ED
ST1013;Ambrosia (AMB1);M4W2
ST13;Ambrosia (AMB2);M4W2
ST347;Ambrosia (AMB3);M4W2
ST826;Ambrosia (AMB4);M4W2
ST225;Asadi Emporium (AE1);MLDS
ST235;Asadi Emporium (AE2);MLDS
ST452;Asadi Emporium (AE3);MLDS
ST456;Asadi Emporium (AE4);MLDS
ST472;Asadi Emporium (AE5);MLDS
ST476;Asadi Emporium (AE6);MLDS
ST506;Asadi Emporium (AE7);MLDS
ST541;Asadi Emporium (AE8);MLDS
ST552;Asadi Emporium (AE9);MLDS
ST557;Asadi Emporium (AE10);MLDS
ST567;Asadi Emporium (AE11);MLDS
ST571;Asadi Emporium (AE12);MLDS
ST572;Asadi Emporium (AE13);MLDS
ST582;Asadi Emporium (AE14);MLDS
ST611;Asadi Emporium (AE15);MLDS
ST628;Asadi Emporium (AE16);MLDS
ST629;Asadi Emporium (AE17);MLDS
ST646;Asadi Emporium (AE18);MLDS
ST648;Asadi Emporium (AE19);MLDS
ST662;Asadi Emporium (AE20);MLDS
ST666;Asadi Emporium (AE21);MLDS
ST675;Asadi Emporium (AE22);MLDS
ST697;Asadi Emporium (AE23);MLDS
ST702;Asadi Emporium (AE24);MLDS
ST707;Asadi Emporium (AE25);MLDS
ST723;Asadi Emporium (AE26);MLDS
ST736;Asadi Emporium (AE27);MLDS
ST747;Asadi Emporium (AE28);MLDS
ST750;Asadi Emporium (AE29);MLDS
ST798;Asadi Emporium (AE30);MLDS
ST803;Asadi Emporium (AE31);MLDS
ST894;Asadi Emporium (AE32);MLDS
ST93;Asadi Emporium (AE33);MLDS
ST934;Asadi Emporium (AE34);MLDS
ST936;Asadi Emporium (AE35);MLDS
ST573;Bedford Falls Graphics (BFG1);M8KA
ST579;Bedford Falls Graphics (BFG2);M8KA
ST583;Bedford Falls Graphics (BFG3);M8KA
ST597;Bedford Falls Graphics (BFG4);M8KA
ST600;Bedford Falls Graphics (BFG5);M8KA
ST601;Bedford Falls Graphics (BFG6);M8KA
ST604;Bedford Falls Graphics (BFG7);M8KA
ST677;Bedford Falls Graphics (BFG8);M8KA
ST681;Bedford Falls Graphics (BFG9);M8KA
ST682;Bedford Falls Graphics (BFG10);M8KA
ST980;Bedford Falls Graphics (BFG11);M8KA
ST498;Bonjour Store (Bon1);MZA9
ST499;Bonjour Store (Bon2);MZA9
ST502;Bonjour Store (Bon3);MZA9
ST505;Bonjour Store (Bon4);MZA9
ST508;Bonjour Store (Bon5);MZA9
ST523;Bonjour Store (Bon6);MZA9
ST524;Bonjour Store (Bon7);MZA9
ST529;Bonjour Store (Bon8);MZA9
ST533;Bonjour Store (Bon9);MZA9
ST534;Bonjour Store (Bon10);MZA9
ST535;Bonjour Store (Bon11);MZA9
ST539;Bonjour Store (Bon12);MZA9
ST543;Bonjour Store (Bon13);MZA9
ST659;Bonjour Store (Bon14);MZA9
ST16;Budhai (Bud1);MOP2
ST38;Budhai (Bud2);MOP2
ST617;Budhai (Bud3);MOP2
ST909;Budhai (Bud4);MOP2
ST987;Caitlin Meyer (CM1);M02M
ST1000;Caitlin Meyer (CM2);M02M
ST1038;Caitlin Meyer (CM3);M02M
ST197;Caitlin Meyer (CM4);M02M
ST431;Caitlin Meyer (CM5);M02M
ST446;Caitlin Meyer (CM6);M02M
ST509;Caitlin Meyer (CM7);M02M
ST536;Caitlin Meyer (CM8);M02M
ST634;Caitlin Meyer (CM9);M02M
ST741;Caitlin Meyer (CM10);M02M
ST742;Caitlin Meyer (CM11);M02M
ST825;Caitlin Meyer (CM12);M02M
ST912;Caitlin Meyer (CM13);M02M
ST1090;Carlos City (CM14);M8GH
ST1107;Carlos City (CM15);M8GH
ST125;Carlos City (CM16);M8GH
ST264;Carlos City (CM17);M8GH
ST823;Carlos City (CM18);M8GH
ST351;CommNet International (Comm1);MCX6
ST353;CommNet International (Comm2);MCX6
ST354;CommNet International (Comm3);MCX6
ST356;CommNet International (Comm4);MCX6
ST357;CommNet International (Comm5);MCX6
ST358;CommNet International (Comm6);MCX6
ST360;CommNet International (Comm7);MCX6
ST364;CommNet International (Comm8);MCX6
ST369;CommNet International (Comm9);MCX6
ST370;CommNet International (Comm10);MCX6
ST930;CommNet International (Comm11);MCX6
ST34;Corn Bakers (CB1);MHJW
ST373;Corn Bakers (CB2);MHJW
ST402;Corn Bakers (CB3);MHJW
ST421;Corn Bakers (CB4);MHJW
ST454;Corn Bakers (CB5);MHJW
ST459;Corn Bakers (CB6);MHJW
ST460;Corn Bakers (CB7);MHJW
ST480;Corn Bakers (CB8);MHJW
ST507;Corn Bakers (CB9);MHJW
ST511;Corn Bakers (CB10);MHJW
ST526;Corn Bakers (CB11);MHJW
ST528;Corn Bakers (CB12);MHJW
ST530;Corn Bakers (CB13);MHJW
ST545;Corn Bakers (CB14);MHJW
ST561;Corn Bakers (CB15);MHJW
ST562;Corn Bakers (CB16);MHJW
ST581;Corn Bakers (CB17);MHJW
ST587;Corn Bakers (CB18);MHJW
ST65;Cosmos (Cos1);M2HR
ST654;Cosmos (Cos2);M2HR
ST656;Cosmos (Cos3);M2HR
ST663;Cosmos (Cos4);M2HR
ST802;Cosmos (Cos5);M2HR
ST955;Cosmos (Cos6);M2HR
ST1001;Cougars (Coug1);M1DP
ST1007;Cougars (Coug2);M1DP
ST1022;Cougars (Coug3);M1DP
ST1024;Cougars (Coug4);M1DP
ST1041;Cougars (Coug5);M1DP
ST30;Cougars (Coug6);M1DP
ST669;Cougars (Coug7);M1DP
ST678;Cougars (Coug8);M1DP
ST684;Cougars (Coug9);M1DP
ST739;Cougars (Coug10);M1DP
ST785;Cougars (Coug11);M1DP
ST790;Cougars (Coug12);M1DP
ST804;Cougars (Coug13);M1DP
ST954;Creative Images LLC (CI1);MZ43
ST96;Creative Images LLC (CI2);MZ43
ST1;Creative Images LLC (CI3);MZ43
ST1005;Creative Images LLC (CI4);MZ43
ST107;Creative Images LLC (CI5);MZ43
ST108;Creative Images LLC (CI6);MZ43
ST1088;Creative Images LLC (CI7);MZ43
ST1094;Creative Images LLC (CI8);MZ43
ST112;Creative Images LLC (CI9);MZ43
ST121;Creative Images LLC (CI10);MZ43
ST124;Creative Images LLC (CI11);MZ43
ST135;Creative Images LLC (CI12);MZ43
ST136;Creative Images LLC (CI13);MZ43
ST155;Creative Images LLC (CI14);MZ43
ST157;Creative Images LLC (CI15);MZ43
ST168;Creative Images LLC (CI16);MZ43
ST170;Creative Images LLC (CI17);MZ43
ST18;Creative Images LLC (CI18);MZ43
ST190;Creative Images LLC (CI19);MZ43
ST20;Creative Images LLC (CI20);MZ43
ST208;Creative Images LLC (CI21);MZ43
ST274;Creative Images LLC (CI22);MZ43
ST33;Creative Images LLC (CI23);MZ43
ST404;Creative Images LLC (CI24);MZ43
ST931;Deals Direct (DD1);M0YU
ST643;Deals Direct (DD2);M0YU
ST650;Deals Direct (DD3);M0YU
ST673;Deals Direct (DD4);M0YU
ST676;Deals Direct (DD5);M0YU
ST694;Deals Direct (DD6);M0YU
ST695;Deals Direct (DD7);M0YU
ST701;Deals Direct (DD8);M0YU
ST713;Deals Direct (DD9);M0YU
ST718;Deals Direct (DD10);M0YU
ST841;Deals2U (D2U1);MGD5
ST177;Deals2U (D2U2);MGD5
ST22;Deals2U (D2U3);MGD5
ST228;Deals2U (D2U4);MGD5
ST25;Deals2U (D2U5);MGD5
ST392;Deals2U (D2U6);MGD5
ST57;Deals2U (D2U7);MGD5
ST588;Deals2U (D2U8);MGD5
ST598;Deals2U (D2U9);MGD5
ST610;Deals2U (D2U10);MGD5
ST632;Deals2U (D2U11);MGD5
ST645;Deals2U (D2U12);MGD5
ST406;Dollar Village (DV1);M2RF
ST432;Dollar Village (DV2);M2RF
ST59;Dollar Village (DV3);M2RF
ST602;Dollar Village (DV4);M2RF
ST606;Dollar Village (DV5);M2RF
ST612;Dollar Village (DV6);M2RF
ST626;Dollar Village (DV7);M2RF
ST640;Dollar Village (DV8);M2RF
ST759;Dollar Village (DV9);M2RF
ST776;Dollar Village (DV10);M2RF
ST777;Dollar Village (DV11);M2RF
ST78;Dollar Village (DV12);M2RF
ST793;Dollar Village (DV13);M2RF
ST795;Dollar Village (DV14);M2RF
ST797;Dollar Village (DV15);M2RF
ST810;Dollar Village (DV16);M2RF
ST816;Dollar Village (DV17);M2RF
ST818;Dollar Village (DV18);M2RF
ST82;Dollar Village (DV19);M2RF
ST843;Dollar Village (DV20);M2RF
ST845;Dollar Village (DV21);M2RF
ST860;Dollar Village (DV22);M2RF
ST872;Dollar Village (DV23);M2RF
ST914;Dollar Village (DV24);M2RF
ST945;Dollar Village (DV25);M2RF
ST375;Eiffel Expo (EE1);MJO9
ST376;Eiffel Expo (EE2);MJO9
ST377;Eiffel Expo (EE3);MJO9
ST378;Eiffel Expo (EE4);MJO9
ST380;Eiffel Expo (EE5);MJO9
ST381;Eiffel Expo (EE6);MJO9
ST383;Eiffel Expo (EE7);MJO9
ST981;Eiffel Expo (EE8);MJO9
ST393;Ekeland Exports (EkEx1);MCUI
ST398;Ekeland Exports (EkEx2);MCUI
ST399;Ekeland Exports (EkEx3);MCUI
ST416;Ekeland Exports (EkEx4);MCUI
ST418;Ekeland Exports (EkEx5);MCUI
ST423;Ekeland Exports (EkEx6);MCUI
ST427;Ekeland Exports (EkEx7);MCUI
ST435;Ekeland Exports (EkEx8);MCUI
ST437;Ekeland Exports (EkEx9);MCUI
ST439;Ekeland Exports (EkEx10);MCUI
ST441;Ekeland Exports (EkEx11);MCUI
ST976;Ekeland Exports (EkEx12);MCUI
ST1031;Farm Market (FM1);MTY7
ST1100;Farm Market (FM2);MTY7
ST159;Farm Market (FM3);MTY7
ST51;Farm Market (FM4);MTY7
ST570;Farm Market (FM5);MTY7
ST687;Farm Market (FM6);MTY7
ST725;Farm Market (FM7);MTY7
ST726;Farm Market (FM8);MTY7
ST735;Farm Market (FM9);MTY7
ST849;Farm Market (FM10);MTY7
ST898;Farm Market (FM11);MTY7
ST1011;Finn Depot (FD1);MLV4
ST113;Finn Depot (FD2);MLV4
ST116;Finn Depot (FD3);MLV4
ST130;Finn Depot (FD4);MLV4
ST144;Finn Depot (FD5);MLV4
ST3;Finn Depot (FD6);MLV4
ST367;Finn Depot (FD7);MLV4
ST384;Finn Depot (FD8);MLV4
ST578;Finn Depot (FD9);MLV4
ST630;Finn Depot (FD10);MLV4
ST674;Finn Depot (FD11);MLV4
ST679;Finn Depot (FD12);MLV4
ST727;Finn Depot (FD13);MLV4
ST799;Finn Depot (FD14);MLV4
ST815;Finn Depot (FD15);MLV4
ST854;Finn Depot (FD16);MLV4
ST87;Finn Depot (FD17);MLV4
ST885;Finn Depot (FD18);MLV4
ST902;Finn Depot (FD19);MLV4
ST947;Finn Depot (FD20);MLV4
ST99;Finnys (Finn1);M1JT
ST1008;Finnys (Finn2);M1JT
ST102;Finnys (Finn3);M1JT
ST1040;Finnys (Finn4);M1JT
ST105;Finnys (Finn5);M1JT
ST1054;Finnys (Finn6);M1JT
ST1092;Finnys (Finn7);M1JT
ST696;Finnys (Finn8);M1JT
ST70;Finnys (Finn9);M1JT
ST752;Finnys (Finn10);M1JT
ST774;Finnys (Finn11);M1JT
ST775;Finnys (Finn12);M1JT
ST789;Finnys (Finn13);M1JT
ST808;Finnys (Finn14);M1JT
ST812;Finnys (Finn15);M1JT
ST850;Finnys (Finn16);M1JT
ST855;Finnys (Finn17);M1JT
ST864;Finnys (Finn18);M1JT
ST900;Finnys (Finn19);M1JT
ST944;Finnys (Finn20);M1JT
ST5;Flavia (FL1);MY4D
ST586;Flavia (FL2);MY4D
ST661;Flavia (FL3);MY4D
ST779;Flavia (FL4);MY4D
ST805;Flavia (FL5);MY4D
ST878;Flavia (FL6);MY4D
ST283;Flavias Corner (FC1);MVDL
ST286;Flavias Corner (FC2);MVDL
ST287;Flavias Corner (FC3);MVDL
ST289;Flavias Corner (FC4);MVDL
ST291;Flavias Corner (FC5);MVDL
ST294;Flavias Corner (FC6);MVDL
ST296;Flavias Corner (FC7);MVDL
ST297;Flavias Corner (FC8);MVDL
ST298;Flavias Corner (FC9);MVDL
ST299;Flavias Corner (FC10);MVDL
ST300;Flavias Corner (FC11);MVDL
ST302;Flavias Corner (FC12);MVDL
ST305;Flavias Corner (FC13);MVDL
ST306;Flavias Corner (FC14);MVDL
ST307;Flavias Corner (FC15);MVDL
ST71;Flavias Corner (FC16);MVDL
ST956;Forage (F1);MKBA
ST88;Forage (F2);MKBA
ST880;Forage (F3);MKBA
ST90;Forage (F4);MKBA
ST903;Forage (F5);MKBA
ST719;Forix Pets (FP1);ME2U
ST728;Forix Pets (FP2);ME2U
ST730;Forix Pets (FP3);ME2U
ST748;Forix Pets (FP4);ME2U
ST755;Forix Pets (FP5);ME2U
ST962;Forix Pets (FP6);ME2U
ST442;French Connect (FC1);M9X9
ST457;French Connect (FC2);M9X9
ST50;French Connect (FC3);M9X9
ST546;French Connect (FC4);M9X9
ST553;French Connect (FC5);M9X9
ST56;French Connect (FC6);M9X9
ST566;French Connect (FC7);M9X9
ST928;French Connect (FC8);M9X9
ST596;French Connect (FC9);M9X9
ST618;French Connect (FC10);M9X9
ST658;French Connect (FC11);M9X9
ST1004;FTK Mart (FTK1);MCNA
ST1023;FTK Mart (FTK2);MCNA
ST171;FTK Mart (FTK3);MCNA
ST184;FTK Mart (FTK4);MCNA
ST188;FTK Mart (FTK5);MCNA
ST193;FTK Mart (FTK6);MCNA
ST331;FTK Mart (FTK7);MCNA
ST40;FTK Mart (FTK8);MCNA
ST409;FTK Mart (FTK9);MCNA
ST548;FTK Mart (FTK10);MCNA
ST60;FTK Mart (FTK11);MCNA
ST700;FTK Mart (FTK12);MCNA
ST712;FTK Mart (FTK13);MCNA
ST724;FTK Mart (FTK14);MCNA
ST772;FTK Mart (FTK15);MCNA
ST859;FTK Mart (FTK16);MCNA
ST86;FTK Mart (FTK17);MCNA
ST867;FTK Mart (FTK18);MCNA
ST967;Future World (FW1);M3OZ
ST532;Future World (FW2);M3OZ
ST554;Future World (FW3);M3OZ
ST563;Future World (FW4);M3OZ
ST615;Future World (FW5);M3OZ
ST635;Future World (FW6);M3OZ
ST863;Future World (FW7);M3OZ
ST938;Future World (FW8);M3OZ
ST483;G.S.K. (GSK1);MSBR
ST485;G.S.K. (GSK2);MSBR
ST488;G.S.K. (GSK3);MSBR
ST489;G.S.K. (GSK4);MSBR
ST494;G.S.K. (GSK5);MSBR
ST496;G.S.K. (GSK6);MSBR
ST547;G.S.K. (GSK7);MSBR
ST556;G.S.K. (GSK8);MSBR
ST558;G.S.K. (GSK9);MSBR
ST569;G.S.K. (GSK10);MSBR
ST690;G.S.K. (GSK11);MSBR
ST953;G.S.K. (GSK12);MSBR
ST217;German Imports (GI1);MHQ2
ST257;German Imports (GI2);MHQ2
ST258;German Imports (GI3);MHQ2
ST259;German Imports (GI4);MHQ2
ST263;German Imports (GI5);MHQ2
ST265;German Imports (GI6);MHQ2
ST266;German Imports (GI7);MHQ2
ST268;German Imports (GI8);MHQ2
ST269;German Imports (GI9);MHQ2
ST957;German Imports (GI10);MHQ2
ST1003;Gerrit's Place (GP1);MFQ1
ST213;Gerrit's Place (GP2);MFQ1
ST222;Gerrit's Place (GP3);MFQ1
ST527;Gerrit's Place (GP4);MFQ1
ST551;Gerrit's Place (GP5);MFQ1
ST657;Gerrit's Place (GP6);MFQ1
ST819;Gerrit's Place (GP7);MFQ1
ST119;Go Go Jo (GGJ1);M7HT
ST187;Go Go Jo (GGJ2);M7HT
ST227;Go Go Jo (GGJ3);M7HT
ST256;Go Go Jo (GGJ4);M7HT
ST396;Go Go Jo (GGJ5);M7HT
ST440;Go Go Jo (GGJ6);M7HT
ST574;Go Go Jo (GGJ7);M7HT
ST733;Go Go Jo (GGJ8);M7HT
ST994;Good Foods (GF1);M2HI
ST153;Good Foods (GF2);M2HI
ST241;Good Foods (GF3);M2HI
ST250;Good Foods (GF4);M2HI
ST276;Good Foods (GF5);M2HI
ST281;Good Foods (GF6);M2HI
ST288;Good Foods (GF7);M2HI
ST293;Good Foods (GF8);M2HI
ST311;Good Foods (GF9);M2HI
ST313;Good Foods (GF10);M2HI
ST348;Good Foods (GF11);M2HI
ST363;Good Foods (GF12);M2HI
ST368;Good Foods (GF13);M2HI
ST413;Good Foods (GF14);M2HI
ST428;Good Foods (GF15);M2HI
ST430;Good Foods (GF16);M2HI
ST438;Good Foods (GF17);M2HI
ST453;Good Foods (GF18);M2HI
ST479;Good Foods (GF19);M2HI
ST491;Good Foods (GF20);M2HI
ST501;Good Foods (GF21);M2HI
ST1075;Good Mondays (GM1);MONL
ST387;Good Mondays (GM2);MONL
ST721;Hollywood Store (HS1);MLOA
ST722;Hollywood Store (HS2);MLOA
ST731;Hollywood Store (HS3);MLOA
ST738;Hollywood Store (HS4);MLOA
ST740;Hollywood Store (HS5);MLOA
ST751;Hollywood Store (HS6);MLOA
ST762;Hollywood Store (HS7);MLOA
ST763;Hollywood Store (HS8);MLOA
ST770;Hollywood Store (HS9);MLOA
ST773;Hollywood Store (HS10);MLOA
ST782;Hollywood Store (HS11);MLOA
ST783;Hollywood Store (HS12);MLOA
ST831;Hollywood Store (HS13);MLOA
ST906;Hollywood Store (HS14);MLOA
ST908;Hollywood Store (HS15);MLOA
ST913;Hollywood Store (HS16);MLOA
ST942;Hollywood Store (HS17);MLOA
ST943;Hollywood Store (HS18);MLOA
ST950;Hollywood Store (HS19);MLOA
ST98;iChannel (iCH1);MJK2
ST1015;iChannel (iCH2);MJK2
ST1032;iChannel (iCH3);MJK2
ST1034;iChannel (iCH4);MJK2
ST1039;iChannel (iCH5);MJK2
ST1043;iChannel (iCH6);MJK2
ST1053;iChannel (iCH7);MJK2
ST1055;iChannel (iCH8);MJK2
ST1081;iChannel (iCH9);MJK2
ST1084;iChannel (iCH10);MJK2
ST1086;iChannel (iCH11);MJK2
ST1087;iChannel (iCH12);MJK2
ST1098;iChannel (iCH13);MJK2
ST120;iChannel (iCH14);MJK2
ST156;iChannel (iCH15);MJK2
ST219;iChannel (iCH16);MJK2
ST24;iChannel (iCH17);MJK2
ST44;iChannel (iCH18);MJK2
ST580;iChannel (iCH19);MJK2
ST595;iChannel (iCH20);MJK2
ST613;iChannel (iCH21);MJK2
ST625;iChannel (iCH22);MJK2
ST698;iChannel (iCH23);MJK2
ST715;iChannel (iCH24);MJK2
ST787;iChannel (iCH25);MJK2
ST807;iChannel (iCH26);MJK2
ST937;iChannel (iCH27);MJK2
ST699;Jan's Desk (JD1);MITG
ST948;Jan's Desk (JD2);MITG
ST1030;JCons (JC1);MTYM
ST1042;JCons (JC2);MTYM
ST1073;JCons (JC3);MTYM
ST212;JCons (JC4);MTYM
ST37;JCons (JC5);MTYM
ST425;JCons (JC6);MTYM
ST451;JCons (JC7);MTYM
ST512;JCons (JC8);MTYM
ST516;JCons (JC9);MTYM
ST593;JCons (JC10);MTYM
ST688;JCons (JC11);MTYM
ST833;JCons (JC12);MTYM
ST882;JCons (JC13);MTYM
ST925;Jungle Trek (JT1);MPVW
ST474;Jungle Trek (JT2);MPVW
ST486;Jungle Trek (JT3);MPVW
ST517;Jungle Trek (JT4);MPVW
ST576;Jungle Trek (JT5);MPVW
ST899;Jungle Trek (JT6);MPVW
ST9;Jungle Trek (JT7);MPVW
ST1097;Kapoor Savings (KS1);M9OW
ST145;Kapoor Savings (KS2);M9OW
ST23;Kapoor Savings (KS3);M9OW
ST594;Kapoor Savings (KS4);M9OW
ST642;Kapoor Savings (KS5);M9OW
ST1105;Katie Collections (KC1);MD0P
ST176;Katie Collections (KC2);MD0P
ST194;Katie Collections (KC3);MD0P
ST210;Katie Collections (KC4);MD0P
ST242;Katie Collections (KC5);MD0P
ST261;Kelson Emporium (KE1);MXC3
ST270;Kelson Emporium (KE2);MXC3
ST390;Kelson Emporium (KE3);MXC3
ST395;Kelson Emporium (KE4);MXC3
ST420;Kelson Emporium (KE5);MXC3
ST433;Kelson Emporium (KE6);MXC3
ST444;Kelson Emporium (KE7);MXC3
ST449;Kelson Emporium (KE8);MXC3
ST126;Kelson Emporium (KE9);MXC3
ST992;Killam Mart (KM1);MIRY
ST1026;Killam Mart (KM2);MIRY
ST1027;Killam Mart (KM3);MIRY
ST143;Killam Mart (KM4);MIRY
ST192;Killam Mart (KM5);MIRY
ST195;Killam Mart (KM6);MIRY
ST204;Killam Mart (KM7);MIRY
ST215;Killam Mart (KM8);MIRY
ST226;Killam Mart (KM9);MIRY
ST230;Killam Mart (KM10);MIRY
ST247;Killam Mart (KM11);MIRY
ST255;Killam Mart (KM12);MIRY
ST267;Killam Mart (KM13);MIRY
ST32;Killam Mart (KM14);MIRY
ST419;Killam Mart (KM15);MIRY
ST455;Killam Mart (KM16);MIRY
ST318;Laura J's (LJ1);MGX7
ST321;Laura J's (LJ2);MGX7
ST322;Laura J's (LJ3);MGX7
ST323;Laura J's (LJ4);MGX7
ST332;Laura J's (LJ5);MGX7
ST333;Laura J's (LJ6);MGX7
ST887;Laura J's (LJ7);MGX7
ST100;Laurens (L1);MQW2
ST27;Laurens (L2);MQW2
ST84;Laurens (L3);MQW2
ST949;Laurens (L4);MQW2
ST959;Marukai (M1);M30O
ST1085;Mason's (Ma1);M2PT
ST211;Mason's (Ma2);M2PT
ST243;Mason's (Ma3);M2PT
ST492;Mason's (Ma4);M2PT
ST565;Mason's (Ma5);M2PT
ST324;Maverick Productions (MP1);MPWS
ST325;Maverick Productions (MP2);MPWS
ST326;Maverick Productions (MP3);MPWS
ST327;Maverick Productions (MP4);MPWS
ST328;Maverick Productions (MP5);MPWS
ST329;Maverick Productions (MP6);MPWS
ST330;Maverick Productions (MP7);MPWS
ST964;Maverick Productions (MP8);MPWS
ST1021;Miller Center (MC1);M88T
ST1051;Miller Center (MC2);M88T
ST63;Miller Center (MC3);M88T
ST935;Miller Center (MC4);M88T
ST973;Mills Vernon (MV1);MWIS
ST26;Monkey Treehouse (MT1);MYH7
ST284;Monkey Treehouse (MT2);MYH7
ST345;Monkey Treehouse (MT3);MYH7
ST36;Monkey Treehouse (MT4);MYH7
ST481;Monkey Treehouse (MT5);MYH7
ST484;Monkey Treehouse (MT6);MYH7
ST49;Monkey Treehouse (MT7);MYH7
ST497;Monkey Treehouse (MT8);MYH7
ST520;Monkey Treehouse (MT9);MYH7
ST537;Monkey Treehouse (MT10);MYH7
ST564;Monkey Treehouse (MT11);MYH7
ST97;Mosers (Mo1);MYFF
ST1017;Mosers (Mo2);MYFF
ST1019;Mosers (Mo3);MYFF
ST599;Mosers (Mo4);MYFF
ST619;Mosers (Mo5);MYFF
ST691;Mosers (Mo6);MYFF
ST881;Mosers (Mo7);MYFF
ST969;My Credit Coach (MCC1);MI9WS
ST1028;N.W. Markets (NWM1);M55T
ST232;N.W. Markets (NWM2);M55T
ST362;N.W. Markets (NWM3);M55T
ST417;N.W. Markets (NWM4);M55T
ST66;Natural Health (NH1);MW9T
ST74;Natural Health (NH2);MW9T
ST83;Natural Health (NH3);MW9T
ST939;Natural Health (NH4);MW9T
ST603;North Stop (NS1);MY59
ST636;North Stop (NS2);MY59
ST638;North Stop (NS3);MY59
ST641;North Stop (NS4);MY59
ST651;North Stop (NS5);MY59
ST652;North Stop (NS6);MY59
ST655;North Stop (NS7);MY59
ST686;North Stop (NS8);MY59
ST689;North Stop (NS9);MY59
ST692;North Stop (NS10);MY59
ST874;North Stop (NS11);MY59
ST1012;Obry Expo (OE1);MU07
ST1061;Obry Expo (OE2);MU07
ST1083;Obry Expo (OE3);MU07
ST11;Obry Expo (OE4);MU07
ST1108;Obry Expo (OE5);MU07
ST181;Obry Expo (OE6);MU07
ST199;Obry Expo (OE7);MU07
ST28;Obry Expo (OE8);MU07
ST29;Obry Expo (OE9);MU07
ST623;Obry Expo (OE10);MU07
ST647;Obry Expo (OE11);MU07
ST67;Obry Expo (OE12);MU07
ST729;Obry Expo (OE13);MU07
ST744;Obry Expo (OE14);MU07
ST80;Obry Expo (OE15);MU07
ST856;Obry Expo (OE16);MU07
ST89;Obry Expo (OE17);MU07
ST940;Obry Expo (OE18);MU07
ST952;Orca Pro (OP1);MXZU
ST252;Orca Pro (OP2);MXZU
ST35;Orca Pro (OP3);MXZU
ST4;Orca Pro (OP4);MXZU
ST47;Orca Pro (OP5);MXZU
ST487;Orca Pro (OP6);MXZU
ST54;Orca Pro (OP7);MXZU
ST6;Orca Pro (OP8);MXZU
ST605;Orca Pro (OP9);MXZU
ST711;Orca Pro (OP10);MXZU
ST716;Orca Pro (OP11);MXZU
ST720;Orca Pro (OP12);MXZU
ST73;Orca Pro (OP13);MXZU
ST745;Orca Pro (OP14);MXZU
ST746;Orca Pro (OP15);MXZU
ST784;Owens (Ow1);MUQB
ST79;Owens (Ow2);MUQB
ST791;Owens (Ow3);MUQB
ST796;Owens (Ow4);MUQB
ST800;Owens (Ow5);MUQB
ST801;Owens (Ow6);MUQB
ST820;Owens (Ow7);MUQB
ST968;Owens (Ow8);MUQB
ST984;PA Express (Pa1);M6GN
ST995;PA Express (Pa2);M6GN
ST101;PA Express (Pa3);M6GN
ST1025;PA Express (Pa4);M6GN
ST103;PA Express (Pa5);M6GN
ST1048;Palmtree Zone (PZ1);M1L8
ST1050;Palmtree Zone (PZ2);M1L8
ST1056;Palmtree Zone (PZ3);M1L8
ST106;Palmtree Zone (PZ4);M1L8
ST201;Palmtree Zone (PZ5);M1L8
ST205;Palmtree Zone (PZ6);M1L8
ST249;Palmtree Zone (PZ7);M1L8
ST765;Palmtree Zone (PZ8);M1L8
ST780;Palmtree Zone (PZ9);M1L8
ST781;Palmtree Zone (PZ10);M1L8
ST821;Palmtree Zone (PZ11);M1L8
ST829;Palmtree Zone (PZ12);M1L8
ST847;Palmtree Zone (PZ13);M1L8
ST879;Palmtree Zone (PZ14);M1L8
ST883;Palmtree Zone (PZ15);M1L8
ST892;Palmtree Zone (PZ16);M1L8
ST91;Palmtree Zone (PZ17);M1L8
ST92;Palmtree Zone (PZ18);M1L8
ST922;Palmtree Zone (PZ19);M1L8
ST94;Palmtree Zone (PZ20);M1L8
ST1009;Petersons (Pe1);METU
ST1101;Petersons (Pe2);METU
ST670;Petersons (Pe3);METU
ST72;Petersons (Pe4);METU
ST75;Petersons (Pe5);METU
ST786;Petersons (Pe6);METU
ST891;Petersons (Pe7);METU
ST147;Planet Nine (PN1);M6UT
ST162;Planet Nine (PN2);M6UT
ST172;Planet Nine (PN3);M6UT
ST21;Planet Nine (PN4);M6UT
ST31;Planet Nine (PN5);M6UT
ST379;Planet Nine (PN6);M6UT
ST53;Planet Nine (PN7);M6UT
ST568;Planet Nine (PN8);M6UT
ST589;Planet Nine (PN9);M6UT
ST590;Planet Nine (PN10);M6UT
ST757;Planet Nine (PN11);M6UT
ST8;Planet Nine (PN12);M6UT
ST811;Planet Nine (PN13);M6UT
ST665;Queen Crab Fish Market (QCFM1);MAUG
ST668;Queen Crab Fish Market (QCFM2);MAUG
ST68;Queen Crab Fish Market (QCFM3);MAUG
ST683;Queen Crab Fish Market (QCFM4);MAUG
ST685;Queen Crab Fish Market (QCFM5);MAUG
ST693;Queen Crab Fish Market (QCFM6);MAUG
ST708;Queen Crab Fish Market (QCFM7);MAUG
ST709;Queen Crab Fish Market (QCFM8);MAUG
ST986;Queen Crab Fish Market (QCFM9);MAUG
ST814;Red Lotus (RL1);MFZ1
ST836;Red Lotus (RL2);MFZ1
ST924;Roadrunner Sales (RS1);M0XX
ST988;Roadrunner Sales (RS2);M0XX
ST997;Roadrunner Sales (RS3);M0XX
ST1052;Roadrunner Sales (RS4);M0XX
ST160;Roadrunner Sales (RS5);M0XX
ST245;Robin Hood Drugs (RHD1);MKA3
ST253;Robin Hood Drugs (RHD2);MKA3
ST292;Robin Hood Drugs (RHD3);MKA3
ST388;Robin Hood Drugs (RHD4);MKA3
ST389;Robin Hood Drugs (RHD5);MKA3
ST422;Robin Hood Drugs (RHD6);MKA3
ST426;Robin Hood Drugs (RHD7);MKA3
ST434;Robin Hood Drugs (RHD8);MKA3
ST436;Robin Hood Drugs (RHD9);MKA3
ST493;Robin Hood Drugs (RHD10);MKA3
ST504;Robin Hood Drugs (RHD11);MKA3
ST525;Robin Hood Drugs (RHD12);MKA3
ST531;Robin Hood Drugs (RHD13);MKA3
ST540;Robin Hood Drugs (RHD14);MKA3
ST706;Robin Hood Drugs (RHD15);MKA3
ST827;Robin Hood Drugs (RHD16);MKA3
ST838;Robin Hood Drugs (RHD17);MKA3
ST1070;Rohits (ROH1);M3FP
ST1074;Rohits (ROH2);M3FP
ST109;Rohits (ROH3);M3FP
ST123;Rohits (ROH4);M3FP
ST127;Rohits (ROH5);M3FP
ST128;Rohits (ROH6);M3FP
ST129;Rohits (ROH7);M3FP
ST131;Rohits (ROH8);M3FP
ST132;Rohits (ROH9);M3FP
ST133;Rohits (ROH10);M3FP
ST926;Rohits (ROH11);M3FP
ST978;Scooters Zcooters (SZ1);MORM
ST998;Scooters Zcooters (SZ2);MORM
ST1010;Scooters Zcooters (SZ3);MORM
ST19;Scooters Zcooters (SZ4);MORM
ST463;Scooters Zcooters (SZ5);MORM
ST503;Scooters Zcooters (SZ6);MORM
ST732;Scooters Zcooters (SZ7);MORM
ST851;Scooters Zcooters (SZ8);MORM
ST861;Scrath and Save (SV1);MV2K
ST862;Scrath and Save (SV2);MV2K
ST923;Scrath and Save (SV3);MV2K
ST963;Sebastians (SEB1);M77F
ST660;Sebastians (SEB2);M77F
ST749;Sebastians (SEB3);M77F
ST753;Sebastians (SEB4);M77F
ST758;Sebastians (SEB5);M77F
ST760;Sebastians (SEB6);M77F
ST834;Sebastians (SEB7);M77F
ST1029;ShopHere (SH1);M2WD
ST146;ShopHere (SH2);M2WD
ST152;ShopHere (SH3);M2WD
ST911;ShopHere (SH4);M2WD
ST1080;Simone Hall (SHALL1);MA3P
ST1099;Simone Hall (SHALL2);MA3P
ST1104;Simone Hall (SHALL3);MA3P
ST169;Simone Hall (SHALL4);MA3P
ST175;Simone Hall (SHALL5);MA3P
ST182;Simone Hall (SHALL6);MA3P
ST186;Simone Hall (SHALL7);MA3P
ST196;Simone Hall (SHALL8);MA3P
ST198;Simone Hall (SHALL9);MA3P
ST975;Simone Hall (SHALL10);MA3P
ST1033;Somya's (SOM1);MLGX
ST104;Somya's (SOM2);MLGX
ST1079;Somya's (SOM3);MLGX
ST1093;Somya's (SOM4);MLGX
ST46;Somya's (SOM5);MLGX
ST756;Somya's (SOM6);MLGX
ST766;Somya's (SOM7);MLGX
ST771;Somya's (SOM8);MLGX
ST778;Somya's (SOM9);MLGX
ST792;Somya's (SOM10);MLGX
ST828;Somya's (SOM11);MLGX
ST916;Somya's (SOM12);MLGX
ST917;Somya's (SOM13);MLGX
ST919;Somya's (SOM14);MLGX
ST920;Somya's (SOM15);MLGX
ST921;Somya's (SOM16);MLGX
ST251;South Pole (SP1);MUZB
ST592;South Pole (SP2);MUZB
ST667;South Pole (SP3);MUZB
ST761;South Pole (SP4);MUZB
ST110;Stark and Pepper (STARK1);M0QH
ST111;Stark and Pepper (STARK2);M0QH
ST118;Stark and Pepper (STARK3);M0QH
ST17;Stark and Pepper (STARK4);M0QH
ST69;Stark and Pepper (STARK5);M0QH
ST979;Stark and Pepper (STARK6);M0QH
ST1106;Stark Industries (SI1);MDV6
ST734;Stark Industries (SI2);MDV6
ST933;Steve's Stop (SSTOP1);MPUZ
ST1014;Steve's Stop (SSTOP2);MPUZ
ST1035;Steve's Stop (SSTOP3);MPUZ
ST1045;Steve's Stop (SSTOP4);MPUZ
ST1058;Steve's Stop (SSTOP5);MPUZ
ST1062;Steve's Stop (SSTOP6);MPUZ
ST115;Steve's Stop (SSTOP7);MPUZ
ST117;Steve's Stop (SSTOP8);MPUZ
ST122;Steve's Stop (SSTOP9);MPUZ
ST134;Suns and Moons (SUNS1);MHJL
ST141;Suns and Moons (SUNS2);MHJL
ST142;Suns and Moons (SUNS3);MHJL
ST150;Suns and Moons (SUNS4);MHJL
ST161;Suns and Moons (SUNS5);MHJL
ST173;Suns and Moons (SUNS6);MHJL
ST224;Suns and Moons (SUNS7);MHJL
ST42;Suns and Moons (SUNS8);MHJL
ST43;Suns and Moons (SUNS9);MHJL
ST45;Suns and Moons (SUNS10);MHJL
ST55;Suns and Moons (SUNS11);MHJL
ST577;Suns and Moons (SUNS12);MHJL
ST58;Suns and Moons (SUNS13);MHJL
ST639;Suns and Moons (SUNS14);MHJL
ST653;Suns and Moons (SUNS15);MHJL
ST868;Suns and Moons (SUNS16);MHJL
ST890;Suns and Moons (SUNS17);MHJL
ST904;Suns and Moons (SUNS18);MHJL
ST907;Suns and Moons (SUNS19);MHJL
ST941;Suns and Moons (SUNS20);MHJL
ST95;Suns and Moons (SUNS21);MHJL
ST1020;Superstars Inc. (SUP1);MD8J
ST852;Superstars Inc. (SUP2);MD8J
ST39;Superstars Inc. (SUP3);MD8J
ST391;T.R.N. (TRN1);MA7F
ST415;T.R.N. (TRN2);MA7F
ST424;T.R.N. (TRN3);MA7F
ST447;T.R.N. (TRN4);MA7F
ST458;T.R.N. (TRN5);MA7F
ST461;T.R.N. (TRN6);MA7F
ST475;T.R.N. (TRN7);MA7F
ST48;T.R.N. (TRN8);MA7F
ST951;T.R.N. (TRN9);MA7F
ST965;Tailor's Shop (TS1);MZ9X
ST400;Tailor's Shop (TS2);MZ9X
ST401;Tailor's Shop (TS3);MZ9X
ST403;Tailor's Shop (TS4);MZ9X
ST41;Tailor's Shop (TS5);MZ9X
ST411;Tailor's Shop (TS6);MZ9X
ST982;Taj (TAJ1);MFP4
ST985;Tammers (TAM1);MZ2K
ST991;Tammers (TAM2);MZ2K
ST10;Tammers (TAM3);MZ2K
ST1064;Tammers (TAM4);MZ2K
ST139;Tammers (TAM5);MZ2K
ST591;Tammers (TAM6);MZ2K
ST873;Tammers (TAM7);MZ2K
ST62;Tanenbaums (TAN1);M68A
ST620;Tanenbaums (TAN2);M68A
ST705;Tanenbaums (TAN3);M68A
ST710;Tanenbaums (TAN4);M68A
ST806;Tanenbaums (TAN5);M68A
ST832;Tanenbaums (TAN6);M68A
ST876;Tanenbaums (TAN7);M68A
ST927;Tanenbaums (TAN8);M68A
ST336;Texi-mart (TEXI1);M0OY
ST338;Texi-mart (TEXI2);M0OY
ST340;Texi-mart (TEXI3);M0OY
ST342;Texi-mart (TEXI4);M0OY
ST343;Texi-mart (TEXI5);M0OY
ST344;Texi-mart (TEXI6);M0OY
ST349;Texi-mart (TEXI7);M0OY
ST350;Texi-mart (TEXI8);M0OY
ST875;Texi-mart (TEXI9);M0OY
ST972;Thomas and Friends (TF1);M1LQ
ST809;Thornambys (TH1);M3PL
ST81;Thornambys (TH2);M3PL
ST813;Thornambys (TH3);M3PL
ST824;Thornambys (TH4);M3PL
ST837;Thornambys (TH5);M3PL
ST839;Thornambys (TH6);M3PL
ST846;Thornambys (TH7);M3PL
ST857;Thornambys (TH8);M3PL
ST865;Thornambys (TH9);M3PL
ST866;Thornambys (TH10);M3PL
ST870;Tiger Mart (TIGER1);M7YS
ST889;Tiger Mart (TIGER2);M7YS
ST842;Tiger Mart (TIGER3);M7YS
ST960;Top Sales (TOP1);M1N1
ST191;Tsoft (TSOFT1);MGVE
ST200;Tsoft (TSOFT2);MGVE
ST202;Tsoft (TSOFT3);MGVE
ST218;Tsoft (TSOFT4);MGVE
ST220;Tsoft (TSOFT5);MGVE
ST231;Tsoft (TSOFT6);MGVE
ST888;Tsoft (TSOFT7);MGVE
ST989;Ty Sales (TY1);MCQ3
ST990;Ty Sales (TY2);MCQ3
ST993;Ty Sales (TY3);MCQ3
ST996;Ty Sales (TY4);MCQ3
ST999;Ty Sales (TY5);MCQ3
ST1002;Ty Sales (TY6);MCQ3
ST1006;Ty Sales (TY7);MCQ3
ST1016;Ty Sales (TY8);MCQ3
ST840;Ty Sales (TY9);MCQ3
ST385;Tysla (TYSLA1);MUYE
ST386;Tysla (TYSLA2);MUYE
ST443;Tysla (TYSLA3);MUYE
ST445;Tysla (TYSLA4);MUYE
ST448;Tysla (TYSLA5);MUYE
ST450;Tysla (TYSLA6);MUYE
ST462;Tysla (TYSLA7);MUYE
ST464;Tysla (TYSLA8);MUYE
ST467;Tysla (TYSLA9);MUYE
ST471;Tysla (TYSLA10);MUYE
ST958;Tysla (TYSLA11);MUYE
ST1037;Udo Center (UDO1);MQ08
ST1066;Udo Center (UDO2);MQ08
ST1072;Udo Center (UDO3);MQ08
ST1089;Udo Center (UDO4);MQ08
ST138;Udo Center (UDO5);MQ08
ST164;Udo Center (UDO6);MQ08
ST174;Udo Center (UDO7);MQ08
ST203;Udo Center (UDO8);MQ08
ST239;Udo Center (UDO9);MQ08
ST244;Udo Center (UDO10);MQ08
ST970;Udo Center (UDO11);MQ08
ST1060;Vancity (VAN1);MYV3
ST1065;Vancity (VAN2);MYV3
ST1067;Vancity (VAN3);MYV3
ST1068;Vancity (VAN4);MYV3
ST1076;Vancity (VAN5);MYV3
ST1077;Vancity (VAN6);MYV3
ST1091;Vancity (VAN7);MYV3
ST886;Vancity (VAN8);MYV3
ST977;Wakefields (WA1);MDMD
ST513;Wakefields (WA2);MDMD
ST514;Wakefields (WA3);MDMD
ST515;Wakefields (WA4);MDMD
ST518;Wakefields (WA5);MDMD
ST519;Wakefields (WA6);MDMD
ST52;Wakefields (WA7);MDMD
ST521;Wakefields (WA8);MDMD
ST522;Wakefields (WA9);MDMD
ST550;Wakefields (WA10);MDMD
ST560;Wakefields (WA11);MDMD
ST703;Wakefields (WA12);MDMD
ST704;Wakefields (WA13);MDMD
ST971;Wanget (WAN1);MDUQ
ST1078;Wanget (WAN2);MDUQ
ST137;Wanget (WAN3);MDUQ
ST278;Wanget (WAN4);MDUQ
ST279;Wanget (WAN5);MDUQ
ST148;White Leaf (WL1);M4F8
ST154;White Leaf (WL2);M4F8
ST189;White Leaf (WL3);M4F8
ST234;White Leaf (WL4);M4F8
ST240;White Leaf (WL5);M4F8
ST559;White Leaf (WL6);M4F8
ST584;White Leaf (WL7);M4F8
ST585;White Leaf (WL8);M4F8
ST961;White Leaf (WL9);M4F8
ST1046;World Center (WC1);MUZ9
ST1063;World Center (WC2);MUZ9
ST1069;World Center (WC3);MUZ9
ST1071;World Center (WC4);MUZ9
ST1102;World Center (WC5);MUZ9
ST151;World Center (WC6);MUZ9
ST158;World Center (WC7);MUZ9
ST167;World Center (WC8);MUZ9
ST185;World Center (WC9);MUZ9
ST214;World Center (WC10);MUZ9
ST216;World Center (WC11);MUZ9
ST932;World Center (WC12);MUZ9
ST966;Yew Save (YS1);M4XZ
ST671;Yew Save (YS2);M4XZ
ST672;Yew Save (YS3);M4XZ
ST767;Yew Save (YS4);M4XZ
ST77;Yew Save (YS5);M4XZ
ST206;Yummy Foods (YF1);M4M6
ST207;Yummy Foods (YF2);M4M6
ST223;Yummy Foods (YF3);M4M6
ST233;Yummy Foods (YF4);M4M6
ST238;Yummy Foods (YF5);M4M6
ST246;Yummy Foods (YF6);M4M6
ST929;Yummy Foods (YF7);M4M6
